state_abbr,naep_g4_math_equiv
AL,235
AK,238
AZ,242
AR,234
CA,241
CO,257
CT,242
DE,239
DC,244
FL,236
GA,239
HI,242
ID,243
IL,253
IN,244
IA,224
KS,253
KY,244
LA,240
ME,250
MD,251
MA,250
MI,243
MN,240
MS,242
MO,244
MT,247
NE,245
NV,242
NJ,247
NM,250
NY,239
NC,251
ND,250
OH,223
OK,245
OR,245
PA,250
RI,255
SC,238
SD,245
TN,244
TX,247
UT,246
VT,243
VA,219
WA,240
WV,238
WI,249
WY,246
